Agência,Ano,Atualizada_em,Contribuicao_data_final,Contribuicao_data_inicial,Convocacao_Data,Convocacao_Link,Ementa,ID_Agencia,ID_Interno,Indexacao_Subtema,Indexacao_Tema,Instrumento_de_Participacao,Link_Anexo_1,Link_Anexo_2,Link_Anexo_3,Link_Anexo_4,Link_Anexo_5,Link_Anexo_6,Link_Anexo_7,Link_Anexo_8,Links_anexos_def. ,Nomenclatura_dada_pela_Agencia,Objetivo_participacao,Pontos_de_Atencao_para_o_Regulacao_em_Numeros,Produto_Final_Data,Produto_Final_Link,Produto_final_o_que,Quantos_participaram,Relatorio_Link,Relatorio_data,Situacao
ANA,2011,18/01/2018,2011/05/12,2011/04/12,2011/04/11,http://www.ana.gov.br/bibliotecavirtual/arquivos/DOU/20110412085935_AUDIENCIA_PUBLICA_N_1_2011_ANA_DOU.pdf,"Aperfeiçoar a proposta de resolução sobre compras e contratações de obras e serviços pelas entidades delegatárias das funções de agência que subtituirá a Resolução nº 424/2004, colhendo subsídios das entidades delegatárias, dos usuários de recursos hídricos e de qualquer interessado no tema.",Audiência Pública nº 001/2011,ANA_2011_Audiência Pública nº 001/2011_1,Compras e contratações,Entidades delegatárias,PNP,http://audienciapublica.ana.gov.br/arquivos/Minuta-Resolucao-424_20110203_final.pdf,http://audienciapublica.ana.gov.br/arquivos/NT_38-proposta-de-alteracao-resolucao-424-2004.pdf,http://audienciapublica.ana.gov.br/arquivos/Presidencia-da-Republica-Lei-10881-04.pdf,,,,,,,Audiência Pública - Sessão não presencial,Normas e regulamentos,,8/8/2011,http://arquivos.ana.gov.br/resolucoes/2011/552-2011.pdf,Resolução nº 552/2011,3.0,http://audienciapublica.ana.gov.br/resultado.php?idAudiencia=30,N/D,Encerrada
ANA,2011,18/01/2018,2011/08/17,2011/07/19,2011/07/18,http://www.ana.gov.br/bibliotecavirtual/arquivos/DOU/20110719095001_AUDIENCIA_PUBLICA_N_2_2011_ANA_DOU.pdf,"Obter contribuições e subsídios para a Regulamentação das Inspeções Regulares de Segurança de Barragens, conforme art. 9º da Lei nº 12.334, de 20 de setembro de 2010, que estabelece a Política Nacional de Segurança de Barragens - PNSB.",Audiência Pública nº 002/2011,ANA_2011_Audiência Pública nº 002/2011_2,Inspeções regulares,Segurança de barragens,PNP,http://audienciapublica.ana.gov.br/arquivos/Minuta_da_Resolucao_Inspecao_Regular.pdf,http://audienciapublica.ana.gov.br/arquivos/Nota_tecnica_n_%206-2011_Inspecao_Regular.pdf,http://www.planalto.gov.br/ccivil_03/_Ato2007-2010/2010/Lei/L12334.htm,,,,,,,Audiência Pública - Sessão não presencial,Normas e regulamentos,,17/10/2011,http://www.ana.gov.br/bibliotecavirtual/arquivos/DOU/20111027102051_RESOLUCAO_N_742_2011_ANA_DOU.pdf,Resolução nº 742/2011,10.0,http://audienciapublica.ana.gov.br/resultado.php?idAudiencia=31,N/D,Encerrada
ANA,2011,18/01/2018,2011/12/16,2011/11/17,2011/11/07,http://www.ana.gov.br/bibliotecavirtual/arquivos/DOU/20111117094930_AUDIENCIA_PUBLICA_N_3_2011_ANA_DOU.PDF,"Obter contribuições e subsídios para a Regulamentação do Plano de Segurança da Barragem e da Revisão Periódica de Segurança de Barragem, conforme art. 8° e 10 da Lei n° 12.334 de 20 de setembro de 2010.",Audiência Pública nº 003/2011,ANA_2011_Audiência Pública nº 003/2011_3,Plano de Segurança da Barragem,Segurança de barragens,PNP,http://audienciapublica.ana.gov.br/arquivos/MINUTA_RESOLUCAO_PNSB.pdf,http://audienciapublica.ana.gov.br/arquivos/NT_012_GESER_31.10.2011__Regulamentacao_PSB_cmnaa.pdf,http://www.planalto.gov.br/ccivil_03/_Ato2007-2010/2010/Lei/L12334.htm,,,,,,,Audiência Pública - Sessão não presencial,Normas e regulamentos,,02/04/2012,http://www.ana.gov.br/bibliotecavirtual/arquivos/DOU/20120411153722_RESOLUCAO_N_91_2012_ANA_DOU.pdf,Resolução nº 91/2012,10.0,http://audienciapublica.ana.gov.br/resultado.php?idAudiencia=33,N/D,Encerrada
ANA,2012,18/01/2018,2012/03/17,2012/02/17,2012/02/17,http://www.ana.gov.br/bibliotecavirtual/arquivos/DOU/20120217085824_AUDIENCIA_PUBLICA_N_1_2012_ANA_DOU.pdf,"Obter contribuições e subsídios para regulamentação do art. 7º da Lei 12.334, de 20 de setembro de 2010 - Política Nacional de Segurança de Barragens - PNSB, que trata do estabelecimento, pelo Conselho Nacional de Recursos Hídricos, dos critérios gerais para classificação das barragens por categoria de risco, por dano potencial e volume.",Audiência Pública nº 001/2012,ANA_2012_Audiência Pública nº 001/2012_4,Critérios para classificação de risco,Segurança de barragens,PNP,http://audienciapublica.ana.gov.br/arquivos/Aud_001_2012_Prop_Resolucao_CNRH_Regulamenta_Art_7_Lei_12334_2010.pdf,http://audienciapublica.ana.gov.br/arquivos/Aud_001_2012_Nota_Tecnica_04_2012_Geser_Sre_Ana.pdf,http://audienciapublica.ana.gov.br/arquivos/Aud_001_2012_L12334_2010.pdf,http://audienciapublica.ana.gov.br/arquivos/Aud_001_2012_resolucao_cnrh_124_Seguranca_barragens.pdf,,,,,,Audiência Pública - Sessão não presencial,Normas e regulamentos,,10/07/2012,http://audienciapublica.ana.gov.br/arquivos/Aud_34_RESOLUCAO_N_143_2012_CNRH_INTERESSE_DOU.pdf,Resolução nº 143/2012,6.0,http://audienciapublica.ana.gov.br/resultado.php?idAudiencia=34,N/D,Encerrada
ANA,2012,18/01/2018,2012/11/01,2012/09/18,2012/09/12,http://www.ana.gov.br/bibliotecavirtual/arquivos/DOU/20120918085710_AUDIENCIA_PUBLICA_N_2_2012_ANA_DOU.pdf,"Obter contribuições e subsídios para a emissão de Resolução da ANA que ""Dispõe sobre critérios para definição de derivações, captações, lançamentos de efluentes, acumulações e outras interferências em corpos d'água de dominio da União que independem de outorga, que não estão sujeitos à outorga e dá outras providências""",Audiência Pública nº 002/2012,ANA_2012_Audiência Pública nº 002/2012_5,Dispensa da outorga,Uso da água,PNP,http://audienciapublica.ana.gov.br/arquivos/Aud_35_MINUTA_RES_USOS_QUE_INDEP-NAO_SUJEITOS.pdf,http://audienciapublica.ana.gov.br/arquivos/Aud_35_NT_013_SRE_13.08.2012_AUD_%20PUBL_USOS_INSIGNIFICANTES.pdf,http://audienciapublica.ana.gov.br/arquivos/Aud_35_EMBASAMENTO_LEGAL_USOS_QUE_INDEP-NAO_SUJEITOS.pdf,,,,,,,Audiência Pública - Sessão não presencial,Normas e regulamentos,,16/09/2013,http://audienciapublica.ana.gov.br/arquivos/Aud_35_RESOLUCAO_N_1175_2013_ANA_DOU.pdf,Resolução nº 1.175/2013,5.0,http://audienciapublica.ana.gov.br/resultado.php?idAudiencia=35,N/D,Encerrada
ANA,2012,18/01/2018,2013/02/28,2012/12/17,2012/12/17,http://www.ana.gov.br/bibliotecavirtual/arquivos/DOU/20121217093203_AUDIENCIA_PUBLICA_N_3_2012_ANA_DOU.pdf,"Obter contribuições e subsídios para a emissão de Resolução da ANA que cria o Cadastro de Operadoras de Obras Hídricas e implementa a classificação das operadoras, para fins de emissão de Certificado de Avaliação da Sustentabilidade da Obra Hídrica - CERTOH e seus respectivos anexos: Cadastro de Operadoras de Obras Hídricas e de Entidades Corresponsáveis (Anexo I) e Manual de Cadastro de Operadoras de Obras Hídricas (Anexo II).",Audiência Pública nº 003/2012,ANA_2012_Audiência Pública nº 003/2012_6,Cadastro de Operadoras de Obras Hídricas,Sistema de informações,PNP,http://audienciapublica.ana.gov.br/arquivos/Aud_36_Minuta_Resolucao_-_Cadastro_Operadoras_Obras_Hidricas.pdf,http://audienciapublica.ana.gov.br/arquivos/Aud_36_NT_102_2012_Proposta_Implementacao_Cadastro_Operadoras_Obras_Infraestrutura_Hidrica.pdf,,,,,,,,Audiência Pública - Sessão não presencial,Normas e regulamentos,,N/D,http://audienciapublica.ana.gov.br/arquivos/Aud_36_Minuta_Resolucao_-_Cadastro_Operadoras_Obras_Hidricas.pdf,N/D,5.0,http://audienciapublica.ana.gov.br/resultado.php?idAudiencia=36,N/D,Encerrada
ANA,2013,18/01/2018,2013/03/15,2013/01/14,2013/01/02,http://www.ana.gov.br/bibliotecavirtual/arquivos/DOU/20130114095155_AUDIENCIA_PUBLICA_N_1_2013_ANA_DOU.pdf,"Obter contribuições e subsídios para a Regulamentação do Plano de Ação de Emergência, conforme art. 8° da Lei n° 12.334 de 20 de setembro de 2010 que trata da Política Nacional de Segurança de Barragens - PNSB",Audiência Pública nº 001/2013,ANA_2013_Audiência Pública nº 001/2013_7,Plano de Ação de Emergência,Segurança de barragens,PNP,http://audienciapublica.ana.gov.br/arquivos/Aud_37_ANEXO1_NT_024_GESER_21_12_2012_Resolucao_PAE.pdf,http://audienciapublica.ana.gov.br/arquivos/Aud_37_NT_024_GESER_21_12_2012_Regulamentacao_PAE.pdf,http://www.planalto.gov.br/ccivil_03/_Ato2007-2010/2010/Lei/L12334.htm,http://arquivos.ana.gov.br/resolucoes/2012/91-2012.pdf,http://audienciapublica.ana.gov.br/arquivos/Aud_37_Modelo_de_PAE.pdf,,,,,Audiência Pública - Sessão não presencial,Normas e regulamentos,Data do relatório obtida por meio de LAI.,N/D,N/D,N/D,15.0,http://audienciapublica.ana.gov.br/resultado.php?idAudiencia=37,23/02/2015,Encerrada
ANA,2014,18/01/2018,2014/03/09,2014/03/09,2014/01/14,http://www.ana.gov.br/bibliotecavirtual/arquivos/DOU/20140117095823_AUDIENCIA_PUBLICA_N_1_2014_ANA_DOU.PDF,"Obter contribuições e subsídios para a Renovação da Outorga para a Companhia de Saneamento Básico do Estado de São Paulo - SABESP, para uso de água e interferências nos recursos hídricos no Sistema Cantareira, para fins de abastecimento público.",Audiência Pública nº 001/2014,ANA_2014_Audiência Pública nº 001/2014_8,Renovação da outorga,Uso da água,PP,http://audienciapublica.ana.gov.br/arquivos/Aud_001_2014_Proposta%20Guia_Resolucao_Conjunta_ANA_Daee.pdf,http://audienciapublica.ana.gov.br/arquivos/Aud_001_2014_Minuta_de_Resolucao_Conjunta_ANA_DAEE-Operacao_Cantareira.pdf,http://audienciapublica.ana.gov.br/arquivos/Aud_001_2014_Reabertura_Dados_Referencia_Sistema_Cantareira.pdf,http://audienciapublica.ana.gov.br/arquivos/Aud_001_2014_Reabertura_Relatorio_Conjunto_ANA_DAEE.pdf,https://www.youtube.com/playlist?list=PLdDOTUuInCuysLOZoYpJbTenrIrAEvhdO,https://www.youtube.com/playlist?list=PLdDOTUuInCuysLOZoYpJbTenrIrAEvhdO,,,,Audiência Pública - Sessão presencial,Atos e contratos,,29/05/2017;29/05/2017,http://audienciapublica.ana.gov.br/arquivos/Aud_001_2014_Publicacao_secao_01_30_05_2017.pdf;http://audienciapublica.ana.gov.br/arquivos/Aud_001_2014_Publicacao_secao_01_31_05_2017.pdf,Resolução conjunta ANA-DAEE nº 925; Resolução conjunta ANA-DAEE nº 926,4.0,http://audienciapublica.ana.gov.br/arquivos/Aud_001_2014_Relatorios_da_Analise_das_Contribuicoes_da_Audiencia_Publica_nro_1_2014.pdf,2017/05/23,Encerrada
ANA,2014,18/01/2018,2014/03/10,2017/03/10,2014/01/14,http://www.ana.gov.br/bibliotecavirtual/arquivos/DOU/20140117095823_AUDIENCIA_PUBLICA_N_1_2014_ANA_DOU.PDF,"Obter contribuições e subsídios para a Renovação da Outorga para a Companhia de Saneamento Básico do Estado de São Paulo - SABESP, para uso de água e interferências nos recursos hídricos no Sistema Cantareira, para fins de abastecimento público.",Audiência Pública nº 001/2014,ANA_2014_Audiência Pública nº 001/2014_9,Renovação da outorga,Uso da água,PP,http://audienciapublica.ana.gov.br/arquivos/Aud_001_2014_Proposta%20Guia_Resolucao_Conjunta_ANA_Daee.pdf,http://audienciapublica.ana.gov.br/arquivos/Aud_001_2014_Minuta_de_Resolucao_Conjunta_ANA_DAEE-Operacao_Cantareira.pdf,http://audienciapublica.ana.gov.br/arquivos/Aud_001_2014_Reabertura_Dados_Referencia_Sistema_Cantareira.pdf,http://audienciapublica.ana.gov.br/arquivos/Aud_001_2014_Reabertura_Relatorio_Conjunto_ANA_DAEE.pdf,https://www.youtube.com/playlist?list=PLdDOTUuInCuysLOZoYpJbTenrIrAEvhdO,https://www.youtube.com/playlist?list=PLdDOTUuInCuysLOZoYpJbTenrIrAEvhdO,,,,Audiência Pública - Sessão presencial,Atos e contratos,,29/05/2017;29/05/2017,http://audienciapublica.ana.gov.br/arquivos/Aud_001_2014_Publicacao_secao_01_30_05_2017.pdf;http://audienciapublica.ana.gov.br/arquivos/Aud_001_2014_Publicacao_secao_01_31_05_2017.pdf,Resolução conjunta ANA-DAEE nº 925; Resolução conjunta ANA-DAEE nº 926,17.0,http://audienciapublica.ana.gov.br/arquivos/Aud_001_2014_Relatorios_da_Analise_das_Contribuicoes_da_Audiencia_Publica_nro_1_2014.pdf,2017/05/23,Encerrada
ANA,2014,18/01/2018,2014/03/17,2014/03/11,2014/01/14,http://audienciapublica.ana.gov.br/arquivos/Aud_002_2014_Aviso_Audiencia_002_2014_DOU_20140307.pdf,"Obter contribuições e subsídios para a Renovação da Outorga para a Companhia de Saneamento Básico do Estado de São Paulo - SABESP, para uso de água e interferências nos recursos hídricos no Sistema Cantareira, para fins de abastecimento público.",Audiência Pública nº 001/2014,ANA_2014_Audiência Pública nº 001/2014_10,Renovação da outorga,Uso da água,PNP,http://audienciapublica.ana.gov.br/arquivos/Aud_001_2014_Proposta%20Guia_Resolucao_Conjunta_ANA_Daee.pdf,http://audienciapublica.ana.gov.br/arquivos/Aud_001_2014_Minuta_de_Resolucao_Conjunta_ANA_DAEE-Operacao_Cantareira.pdf,http://audienciapublica.ana.gov.br/arquivos/Aud_001_2014_Reabertura_Dados_Referencia_Sistema_Cantareira.pdf,http://audienciapublica.ana.gov.br/arquivos/Aud_001_2014_Reabertura_Relatorio_Conjunto_ANA_DAEE.pdf,https://www.youtube.com/playlist?list=PLdDOTUuInCuysLOZoYpJbTenrIrAEvhdO,https://www.youtube.com/playlist?list=PLdDOTUuInCuysLOZoYpJbTenrIrAEvhdO,,,,Contribuição após a realização da Audiência Pública Presencial,Atos e contratos,,29/05/2017;29/05/2017,http://audienciapublica.ana.gov.br/arquivos/Aud_001_2014_Publicacao_secao_01_30_05_2017.pdf;http://audienciapublica.ana.gov.br/arquivos/Aud_001_2014_Publicacao_secao_01_31_05_2017.pdf,Resolução conjunta ANA-DAEE nº 925; Resolução conjunta ANA-DAEE nº 926,13.0,http://audienciapublica.ana.gov.br/arquivos/Aud_001_2014_Relatorios_da_Analise_das_Contribuicoes_da_Audiencia_Publica_nro_1_2014.pdf,2017/05/23,Encerrada
ANA,2014,18/01/2018,2014/04/10,2014/03/10,2014/02/24,http://audienciapublica.ana.gov.br/arquivos/Aud_002_2014_Aviso_Audiencia_002_2014_DOU_20140307.pdf,"Coleta de subsídios às propostas de Resoluções da ANA referentes ao ""Enquadramento de Despesas pelas Entidades Delegatárias de Funções de Agência de Água"" e à ""Seleção e Recrutamento de Pessoal"".",Audiência Pública nº 002/2014,ANA_2014_Audiência Pública nº 002/2014_11,Enquadramento de despesas; recrutamento de pessoal,Entidades delegatárias,PNP,http://audienciapublica.ana.gov.br/arquivos/Aud_002_2014_Minuta%20de%20Resolucao%20ANA%20-%20Entidades%20Delegatarias%20-%20Enquadramento%20Despesas.pdf,http://audienciapublica.ana.gov.br/arquivos/Aud_002_2014_Minuta%20de%20Resolucao%20ANA%20-%20Entidades%20Delegatarias%20-%20Pessoal.pdf,http://audienciapublica.ana.gov.br/arquivos/Aud_002_2014_LEI%209984.pdf,http://audienciapublica.ana.gov.br/arquivos/Aud_002_2014_LEI%2010881.pdf,http://audienciapublica.ana.gov.br/arquivos/Aud_002_2014_Nota%20Tecnica%20003%20-%202013%20-%20AA%20-%20ANA.pdf,http://audienciapublica.ana.gov.br/arquivos/Aud_002_2014_Resolucao%20ANA%20306-2008.pdf,,,,Audiência Pública - Sessão não presencial,Normas e regulamentos,,15/12/2014;15/12/2014,http://audienciapublica.ana.gov.br/arquivos/Aud_002_2014_RESOLUCAO_N%202019_e_N_2018_2014_ANA_DOU.PDF,Resolução nº 2.018/2014; Resolução nº 2.019/2014,6.0,http://audienciapublica.ana.gov.br/resultado.php?idAudiencia=39,N/D,Encerrada
ANA,2015,18/01/2018,2015/05/02,2015/03/02,2015/02/23,http://audienciapublica.ana.gov.br/arquivos/Aud_001_2015_DOU_AvisoAudiencia.pdf,Obter contribuições e subsídios para o aprimoramento do Manual do Empreendedor: Volume V - Guia para a Elaboração de Projetos de Barragens,Audiência Pública nº 001/2015,ANA_2015_Audiência Pública nº 001/2015_12,Elaboração de Projetos,Segurança de barragens,PNP,http://audienciapublica.ana.gov.br/arquivos/Aud_001_2015_Guia_Projetos_Barragens_V.pdf,http://audienciapublica.ana.gov.br/arquivos/Aud_001_2015_NOTA_TECNICA_1_15_vol_V.pdf,,,,,,,,Audiência Pública - Sessão não presencial,Produção de conhecimento,Data do relatório obtida por meio de LAI.,2016,http://www.snisb.gov.br/portal/snisb/downloads/Guias%20e%20Manuais/volume-v-diretrizes-para-a-elaboracao-de-projetos-de-barragens/@@download/file/DiretrizesParaElaboracaoProjetosBarragens.PDF,Manual do Empreendedor - Volume V - Diretrizes para a Elaboração de Projetos de Barragens,7.0,http://audienciapublica.ana.gov.br/resultado.php?idAudiencia=43,11/02/2016,Encerrada
ANA,2015,18/01/2018,2015/05/02,2015/03/02,2015/02/23,http://audienciapublica.ana.gov.br/arquivos/Aud_002_2015_DOU_AvisoAudiencia.pdf,Obter contribuições e subsídios para o aprimoramento do Manual do Empreendedor: Volume VI - Guia para a Construção de Barragens,Audiência Pública nº 002/2015,ANA_2015_Audiência Pública nº 002/2015_13,Construção de Barragens,Segurança de barragens,PNP,http://audienciapublica.ana.gov.br/arquivos/Aud_002_2015_Guia_Construcao_Barragens_VI.pdf,http://audienciapublica.ana.gov.br/arquivos/Aud_002_2015_NOTA_TECNICA_4_15_vol_VI.pdf,,,,,,,,Audiência Pública - Sessão não presencial,Produção de conhecimento,Data do relatório obtida por meio de LAI.,2016,http://www.snisb.gov.br/portal/snisb/downloads/Guias%20e%20Manuais/volume-vi-diretrizes-para-a-construcao-de-barragens/@@download/file/DiretrizesParaConstrucaoBarragens.PDF,Manual do Empreendedor - Volume VI- Diretrizes para a Elaboração de Projetos de Barragens,2.0,http://audienciapublica.ana.gov.br/resultado.php?idAudiencia=44,28/10/2015,Encerrada
ANA,2015,18/01/2018,2015/05/02,2015/03/02,2015/02/23,http://audienciapublica.ana.gov.br/arquivos/Aud_003_2015_DOU_AvisoAudiencia.pdf,"Obter contribuições e subsídios para o aprimoramento do Manual do Empreendedor: Volume VII - Guia para a Elaboração do Plano de Operação, Manutenção e Instrumentação de Barragens",Audiência Pública nº 003/2015,ANA_2015_Audiência Pública nº 003/2015_14,"Plano de Operação, Manutenção e Instrumentação de Barragens",Segurança de barragens,PNP,http://audienciapublica.ana.gov.br/arquivos/Aud_003_2015_Guia_Operacao_Barragens_VII.pdf,http://audienciapublica.ana.gov.br/arquivos/Aud_003_2015_NOTA_TECNICA_3_15_vol_VII.pdf,,,,,,,,Audiência Pública - Sessão não presencial,Produção de conhecimento,Data do relatório obtida por meio de LAI.,2016,http://www.snisb.gov.br/portal/snisb/downloads/Guias%20e%20Manuais/volume-vii-diretrizes-para-a-elaboracao-do-plano-de-operacao-manutencao-e-instrumentacao-de-barragens/@@download/file/DiretrizesParaElaboracaoPlanoOperacaoManutencaoInstrumentacaoBarragens.PDF,Manual do Empreendedor - Volume VII- Diretrizes para a Elaboração de Projetos de Barragens,3.0,http://audienciapublica.ana.gov.br/resultado.php?idAudiencia=45,26/10/2015,Encerrada
ANA,2015,18/01/2018,2015/07/17,2015/05/18,2015/05/18,http://audienciapublica.ana.gov.br/arquivos/Aud_004_2015_AUDIENCIA%20PUBLICA_N%204_2015_ANA_DOU.pdf,Obter contribuições e subsídios para o aprimoramento do Manual do Empreendedor - Volume II - Guia de Orientação e Formulários para Inspeções de Segurança de Barragem,Audiência Pública nº 004/2015,ANA_2015_Audiência Pública nº 004/2015_15,Inspeções,Segurança de barragens,PNP,http://audienciapublica.ana.gov.br/arquivos/Aud_004_2015_Manual_do_Empreendedor_Volume_II_Guia_de_Orientacao_e_Formularios_para_Inspecoes_de_Seguran%C3%A7a_de_Barragem.pdf,http://audienciapublica.ana.gov.br/arquivos/Aud_004_2015_Nota_Tecnica_14_2015_COSER_SRE.pdf,,,,,,,,Audiência Pública - Sessão não presencial,Produção de conhecimento,Data do relatório obtida por meio de LAI.,2016,http://www.snisb.gov.br/portal/snisb/downloads/Guias%20e%20Manuais/volume-ii-guia-de-orientacao-e-formularios-para-inspecoes-de-seguranca-de-barragem/@@download/file/GuiaOrientacaoFormulariosParaInspecoesSegurancaBarragem.PDF,Manual do Empreendedor - Volume II - Guia de Orientação e Formulários para Inspeções de Segurança de Barragem,12.0,http://audienciapublica.ana.gov.br/resultado.php?idAudiencia=46,01/04/2016,Encerrada
ANA,2015,18/01/2018,2015/07/17,2015/05/18,2015/05/18,http://audienciapublica.ana.gov.br/arquivos/Aud_005_2015_AUDIENCIA%20PUBLICA_N%205_2015_ANA_DOU.pdf,"Obter contribuições e subsídios para o aprimoramento do Manual do Empreendedor: ""Volume III - Guia de Revisão Periódica de Segurança de Barragem""",Audiência Pública nº 005/2015,ANA_2015_Audiência Pública nº 005/2015_16,Revisão Periódica,Segurança de barragens,PNP,http://audienciapublica.ana.gov.br/arquivos/Aud_005_2015_Manual_do_Empreendedor_Volume_III_Guia_de_Revisao_Periodica_de_Seguran%C3%A7a_de_Barragem.pdf,http://audienciapublica.ana.gov.br/arquivos/Aud_005_2015_Nota_Tecnica_13_2015_COSER_SRE.pdf,,,,,,,,Audiência Pública - Sessão não presencial,Produção de conhecimento,Data do relatório obtida por meio de LAI.,2016,http://www.snisb.gov.br/portal/snisb/downloads/Guias%20e%20Manuais/volume-iii-guia-de-revisao-periodica-de-seguranca-de-barragem/@@download/file/GuiaRevisaoPeriodicaSegurancaBarragem.PDF,Manual do Empreendedor - Volume III - Guia de Revisão Periódica de Segurança de Barragem,2.0,http://audienciapublica.ana.gov.br/resultado.php?idAudiencia=47,08/04/2016,Encerrada
ANA,2015,18/01/2018,2015/07/17,2015/05/18,2015/05/18,http://audienciapublica.ana.gov.br/arquivos/Aud_006_2015_AUDIENCIA%20PUBLICA_N%206_2015_ANA_DOU.pdf,"Obter contribuições e subsídios para o aprimoramento do Manual do Empreendedor: ""Volume IV - Guia de Orientação e Formulários dos Planos de Ação de Emergência - PAE """,Audiência Pública nº 006/2015,ANA_2015_Audiência Pública nº 006/2015_17,Plano de Ação de Emergência,Segurança de barragens,PNP,http://audienciapublica.ana.gov.br/arquivos/Aud_006_2015_Manual_do_Empreendedor_Volume%20IV_Guia_de_Orientacao_e_Formularios_dos_Planos_de_Acao_de_Emergencia_PAE.pdf,http://audienciapublica.ana.gov.br/arquivos/Aud_006_2015_Nota_Tecnica_12_2015_COSER_SRE.pdf,,,,,,,,Audiência Pública - Sessão não presencial,Produção de conhecimento,Data do relatório obtida por meio de LAI.,2016,http://www.snisb.gov.br/portal/snisb/downloads/Guias%20e%20Manuais/volume-iv-guia-de-orientacao-e-formularios-dos-planos-de-acao-de-emergencia-2013-pae/@@download/file/GuiaOrientacaoFormulariosPlanosAcaoEmergencia_PAE.PDF,Manual do Empreendedor - Volume IV - Guia de Orientação e Formulários dos Planos de Ação de Emergência - PAE,4.0,http://audienciapublica.ana.gov.br/te_audiencia.php?id_audiencia=48,14/03/2016,Encerrada
ANA,2015,18/01/2018,2015/10/10,2015/08/10,2015/08/10,http://audienciapublica.ana.gov.br/arquivos/Aud_007_2015_AUDIENCIA%20PUBLICA_N%207_2015_ANA_DOU.pdf,"Obter contribuições e subsídios para o aprimoramento do Manual do Empreendedor: ""Volume VIII - Guia Prático de Pequenas Barragens""",Audiência Pública nº 007/2015,ANA_2015_Audiência Pública nº 007/2015_18,Pequenas Barragens,Segurança de barragens,PNP,http://audienciapublica.ana.gov.br/arquivos/Aud_007_2015_Manual_Empreendedor_Volume_VIII_Guia_Pratico_Pequenas_Barragens.pdf,http://audienciapublica.ana.gov.br/arquivos/Aud_007_2015_Nota_Tecnica_20_2015_COSER_SRE.pdf,,,,,,,,Audiência Pública - Sessão não presencial,Produção de conhecimento,Data do relatório obtida por meio de LAI.,2016,http://www.snisb.gov.br/portal/snisb/downloads/Guias%20e%20Manuais/volume-viii-guia-pratico-de-pequenas-barragens/@@download/file/GuiaPraticoDePequenasBarragens.PDF,Manual do Empreendedor - Volume VIII - Guia Prático de Pequenas Barragens,5.0,http://audienciapublica.ana.gov.br/te_audiencia.php?id_audiencia=49,11/02/2016,Encerrada
ANA,2015,18/01/2018,2015/10/08,2015/09/24,2015/09/24,http://audienciapublica.ana.gov.br/arquivos/Aud_Ana_Aneel_008_2015_Aviso_de_Audiencia_Publica_Conjunta_ANA_ANEEL_08_2015.pdf,Obter contribuições e subsídios para a proposição de Resolução Conjunta ANA / ANEEL dispondo sobre diretrizes e procedimentos para outorga de direito de uso de recursos hídricos para aproveitamentos hidrelétricos em operação comercial em cursos d´água de domínio da União.,Audiência Pública nº 008/2015,ANA_2015_Audiência Pública nº 008/2015_19,Aproveitamento de potencial hidroelétrico,Uso da água,PNP,http://audienciapublica.ana.gov.br/arquivos/Aud_Ana_Aneel_008_2015_MINUTA%20RESOLUCAO_CONJUNTA_ANA_ANEEL.pdf,http://audienciapublica.ana.gov.br/arquivos/Aud_Ana_Aneel_008_2015_Nota_Tecnica_Conjunta_ANA_ANEEL.pdf,,,,,,,,Audiência Pública - Sessão não presencial,Normas e regulamentos,"Na resposta dada pela Agência via LAI, a Audiência nº 08/2015 não foi listada (""foi pulada"", e, dessa forma não foi enviada a data do relatório elaborado.",20/11/2015,http://audienciapublica.ana.gov.br/arquivos/Aud_Ana_Aneel_008_2015_Resolucao_Conjunta_1305_20_11_2015.pdf,Resolução Conjunta ANEEL nº 1.305/2015,10.0,http://audienciapublica.ana.gov.br/resultado.php?idAudiencia=52,N/D,Encerrada
ANA,2016,18/01/2018,2016/10/28,2016/09/28,2016/09/28,http://audienciapublica.ana.gov.br/arquivos/Aud_001_2016_DOU_2016_09_28_Aviso_Audiencia_Publica_001_2016.pdf,"Obter contribuições e subsídios para a regulamentação da periodicidade de atualização, da qualificação do responsável técnico, do conteúdo mínimo e do nível de detalhamento do Plano de Segurança da Barragem, incluindo a Inspeção de Segurança Regular e a Especial, o Plano de Ação de Emergência e a Revisão Periódica de Segurança de Barragem, conforme art. 8°, 9°, 10, 11 e 12 da Lei n° 12.334 de 20 de setembro de 2010.",Audiência Pública nº 001/2016,ANA_2016_Audiência Pública nº 001/2016_20,Plano de Segurança da Barragem; Plano de Ação de Emergência; Revisão Periódica de Segurança da Barragem,Segurança de barragens,PNP,http://audienciapublica.ana.gov.br/arquivos/Aud_001_2016_Minuta_Resolucao_Estabelece_Periodicidade_Plano_Seguranca_Barragem.pdf,http://audienciapublica.ana.gov.br/arquivos/Aud_001_2016_Nota_Tecnica_139_2016_COSER_SRE.pdf,http://www.planalto.gov.br/ccivil_03/_Ato2007-2010/2010/Lei/L12334.htm,,,,,,,Audiência Pública - Sessão não presencial,Produção de conhecimento,Data do relatório obtida por meio de LAI.,30/01/2017,http://audienciapublica.ana.gov.br/arquivos/AUD_54_RESOLUCAO_%20236_2017_ANA_DOU.pdf,Resolução nº 236/2017,11.0,http://audienciapublica.ana.gov.br/resultado.php?idAudiencia=54,16/12/2016,Encerrada
ANA,2016,18/01/2018,2017/02/26,2016/12/26,2016/12/26,http://audienciapublica.ana.gov.br/arquivos/Aud_002_2016_Aviso_Audiencia.pdf,Obter contribuições e subsídios para a metodologia de cálculo da Receita Requerida e tarifas de disponibilidade e de consumo para a prestação do serviço de adução de água bruta do Projeto de Integração do Rio São Francisco com Bacias Hidrográficas do Nordeste Setentrional - PISF.,Audiência Pública nº 002/2016,ANA_2016_Audiência Pública nº 002/2016_21,Metodologia de cálculo da receita requerida; tarifas de disponibilidade; tarifas de consumo,Adução de água bruta,PNP,http://audienciapublica.ana.gov.br/arquivos/Aud_002_2016_Nota_Tecnica_1_e_2_2016_COSER_SRE_SAS.pdf,http://audienciapublica.ana.gov.br/arquivos/Aud_002_2016_Memoria_Calculo_PISF.xlsx,http://audienciapublica.ana.gov.br/arquivos/Aud_002_2016_Parecer_17_2016_SRE.pdf,http://audienciapublica.ana.gov.br/arquivos/Aud_002_2016_Parecer_19_2016_SRE.pdf,https://www.planalto.gov.br/ccivil_03/_ato2004-2006/2006/decreto/d5995.htm,https://www.planalto.gov.br/ccivil_03/_ato2007-2010/2009/lei/l12058.htm,http://audienciapublica.ana.gov.br/arquivos/Aud_002_2016_Memoria%20Calculo_maio17.xlsx,,,Audiência Pública - Sessão não presencial,Produção de conhecimento,"Nessa audiência foi elaborado relatório, disponibilizado em PDF, com uma análise das contribuições categorizada. Em resposta ao pedido de Lai, a Agência disponibilizou a data do relatório.",N/D,N/D,N/D,8.0,http://audienciapublica.ana.gov.br/arquivos/Aud_002_2016_Relatorio_Avaliacao_Das_Contrib_Recebidas_.pdf,13/06/2017,Encerrada
ANA,2017,18/1/2018,2017/11/16,2017/10/02,2017/10/02,http://audienciapublica.ana.gov.br/arquivos/Aud_001_2017_Aviso_Audiencia_20171002.pdf,Obter contribuições e subsídios para a regulamentação de Condições Gerais da Prestação do Serviço Público de Adução de Água Bruta.,Audiência Pública nº 001/2017,ANA_2017_Audiência Pública nº 001/2017_22,Condições gerais de prestação do serviço,Adução de água bruta,PNP,http://audienciapublica.ana.gov.br/arquivos/Aud_001_2017_Nota_Tecnica.pdf,,,,,,,,,Audiência Pública - Sessão não presencial,Produção de conhecimento,"Nessa audiência ainda não constava o relatório de avaliação das contribuições, dessa forma não é possível atribuir se elas foram aceitas ou não. Em resposta ao pedido de Lai, a Agência disponibilizou a data do relatório, contudo, o link para acesso ao documento do relatório disponibilizado pela Agência por meio de Lai não está funcionando.",N/D,N/D,N/D,4.0,N/D,18/12/2017,Encerrada
ANA,2017,18/1/2018,2017/11/16,2017/10/02,2017/10/02,http://audienciapublica.ana.gov.br/arquivos/Aud_002_2017_AVISO_DE_ABERTURA_DE_AUDIENCIA_PUBLICA.pdf,Obter contribuições para o aprimoramento das novas diretrizes para análise e emissão de outorgas de uso de recursos hídricos com a finalidade de esgotamento sanitário.,Audiência Pública nº 002/2017,ANA_2017_Audiência Pública nº 002/2017_23,Esgotamento sanitário,Uso da água,PNP,http://audienciapublica.ana.gov.br/arquivos/Aud_002_2017_Minuta_Resolucao.pdf,http://audienciapublica.ana.gov.br/arquivos/Aud_002_2017_Fluxograma_decisorio_para_outorga.pdf,http://audienciapublica.ana.gov.br/arquivos/Aud_002_2017_Parecer_Tecnico_Conjunto_3_2017.pdf,,,,,,,Audiência Pública - Sessão não presencial,Produção de conhecimento,"Nessa audiência foi elaborado relatório, disponibilizado em PDF, contudo, não houve sistematização semelhante àquela referente à AP 002/2016.",N/D,N/D,N/D,2.0,http://audienciapublica.ana.gov.br/arquivos/Aud_02_2017_Relatorio_Analise_Contribuicoes_Recebidas.pdf,29/11/2017,Encerrada
ANA,2017,18/1/2018,2018/02/02,2017/12/04,2017/11/20,http://audienciapublica.ana.gov.br/arquivos/Aud_003_2017_Aviso_de_Abertura_de_Audiencia.pdf,"Obter contribuições e subsídios para o Manual de Contabilidade e Manual de Procedimentos para Gestão de Ativos Imobilizados, aplicados ao Projeto de Integração do Rio São Francisco com Bacias Hidrográficas do Nordeste Setentrional - PISF.",Audiência Pública nº 003/2017,ANA_2017_Audiência Pública nº 003/2017_24,Projeto de Integração do Rio São Francisco,Uso da água,PNP,http://audienciapublica.ana.gov.br/arquivos/Aud_003_2017_Manual_Contabilidade.pdf,http://audienciapublica.ana.gov.br/arquivos/Aud_003_2017_Manual_Procedimentos_Para_Gestao_Ativos_Imobilizados.pdf,,,,,,,,Audiência Pública - Sessão não presencial,Produção de conhecimento,,,,,,,,Em andamento
ANCINE,2009,24/1/2018,20/01/2010,11/12/2009,N/D,N/D,"""regulamenta a forma de cumprimento e aferição da Exibição Obrigatória de obras cinematográficas brasileiras de longa metragem pelas empresas proprietárias, locatárias ou arrendatárias de salas ou complexos de exibição pública comercial"".",N/D,ANCINE_2009_N/D_1,Obras cinematográficas de longa metragem brasileiras,Produção de obra audiovisual,PNP,https://www.ancine.gov.br/sites/default/files/consultas-publicas/MinutaINdeCota2010_pos%20DC_09dez2009_0.pdf,https://www.ancine.gov.br/sites/default/files/consultas-publicas/ExposicaoMotivos_IN_COTA_TELA.pdf,,https://www.ancine.gov.br/sites/default/files/consultas-publicas/consolidacao-CotaTela.pdf,,,,,Link anexo 1) minuta de IN ; link anexo 2) exposiçao de motivos ; link anexo 3) consolidação das participações 4) consolidação final,Consulta Pública,Normas e regulamentos,"Prolongaram o período de participação. Não explicam por que. Total de 32 participações. Existem 2 relatórios de consolidação e nenhum apresentando respostas das agências. Apesar de ter se iniciado em 2009, o site da ANCINE a coloca na lista de consultas de 2010. Escolhemos botar a data efetiva de início.",N/D,N/D,N/D,11,N/D,N/D,Encerrada
ANCINE,2010,14/11/2017,10/11/2010,02/09/2010,N/D,N/D,"regulamenta o registro de agente econômico na ANCINE previsto no art. 22 da Medida Provisória 2.228/01, revoga a IN 41 e dá outras providências",,ANCINE_2010__2,Registro de agente econômico,Procedimento Administrativo,PNP,https://www.ancine.gov.br/sites/default/files/consultas-publicas/Minuta%20de%20IN%20de%20registro%20de%20agente.pdf,https://www.ancine.gov.br/sites/default/files/consultas-publicas/Exposicao%20de%20Motivos%20-%20Registro%20de%20agente%20economico.pdf,https://www.ancine.gov.br/sites/default/files/consultas-publicas/DO%20prorrogacao%20ate%2010%20nov.pdf,https://www.ancine.gov.br/sites/default/files/consultas-publicas/Anexo%20I%20-%20Minuta%20de%20IN%20de%20registro%20de%20agente%20economico%20.pdf,https://www.ancine.gov.br/sites/default/files/consultas-publicas/Anexo%20II%20-%20Minuta%20de%20IN%20de%20registro%20de%20agente%20economico.pdf,,,,Link anexo 1) minuta de IN. Link anexo 2) exposição de motivos. link anexo 3) publicaçãou DO anunciando prorrogação. link anexo 4) anexo I da minuta. link anexo 5) anexo II da minuta.,Consulta Pública,Normas e regulamentos,"Não há relatório. O período para consulta foi prorrogado, estando disponibilizado registro de nota no DOU com prorrogação. Não se sabe se por não ter relatório ninguém participou ou se só não colocaram o relatório no site.",N/D,N/D,N/D,N/D,N/D,N/D,Encerrada
ANCINE,2010,14/11/2017,30/06/2011,27/08/2010,N/D,N/D,"Regulamenta a elaboração, a apresentação e o acompanhamento de projetos de obras audiovisuais brasileiras de produção independente e revoga a Instrução Normativa nº 22, de 30 de dezembro de 2003.",,ANCINE_2010__3,Obras audiovisuais de produção independente,Produção de obra audiovisual,PNP,https://www.ancine.gov.br/sites/default/files/consultas-publicas/Minuta%20IN%20Projetos.pdf,,,,,,,,link anexo 1) minuta da IN.,Consulta Pública,Normas e regulamentos,Não há relatório. O único documento disponível é a minuta de IR que foi colocada para consulta.,N/D,N/D,N/D,N/D,N/D,N/D,Encerrada
ANCINE,2011,14/11/2017,24/02/2011,23/01/2011,N/D,N/D,Notícia Regulatória sobre Sistema de Controle de Bilheterias,,ANCINE_2011__4,Bilheteria,Exibição,PNP,https://www.ancine.gov.br/sites/default/files/consultas-publicas/consolidacao-controle-bilheteria.pdf,,,,,,,,Link anexo 1) consolidação de consulta pública,Consulta Pública,Normas e regulamentos,Só há relatório com as participações transcritas. Não há minuta de IN ou qualquer outro anexo. Diz respeito à notícia regulatória do sistema de controle de bilheterias.,N/D,N/D,N/D,3,N/D,N/D,Encerrada
ANCINE,2011,14/11/2017,19/08/2011,13/07/2011,N/D,N/D,"revisora das Instruções Normativas nº 33/04, 06/02 e 07/02, que pretende atualizar e aprimorar os procedimentos de registro de obras audiovisuais publicitárias brasileiras e estrangeiras, previstos no artigo 28 da Medida Provisória 2.228-1, de 06 de setembro de 2001.",,ANCINE_2011__5,Obras audiovisuais publicitárias brasileiras e estrangeiras,Produção de obra audiovisual,PNP,https://www.ancine.gov.br/sites/default/files/consultas-publicas/minutaIN33-final.pdf,https://www.ancine.gov.br/sites/default/files/consultas-publicas/ExposicaoMotivosIN33.pdf,,,,,,,Link anexo 1) minuta de IN ; link anexo 2) exposiçao de motivos.,Consulta Pública,Normas e regulamentos,"O relatório disponível não faz distinção quanto ao número de participantes. Apenas lista os temas dos principais comentários e sugestões, respondendo-os e justificando se irão aceitar ou não, além de explicar melhor alguns pontos àqueles que explicitaram dúvidas.",N/D,N/D,N/D,N/D,https://www.ancine.gov.br/sites/default/files/consultas-publicas/relatorio_de_consulta_publica_0.pdf,19/12/2011,Encerrada
ANCINE,2011,14/11/2017,13/10/2011,14/09/2011,16/09/2011,N/D,dispõe sobre o reconhecimento do regime de coprodução internacional de obras audiovisuais não publicitárias brasileiras para fins de posterior emissão de Certificado de Produto Brasileiro – CPB; disciplina o regime de coprodução internacional no tocante à utilização de recursos públicos federais em projetos de produção de obra audiovisual brasileira não publicitária; e dá outras providências.,,ANCINE_2011__6,Obras audiovisuais não publicitárias brasileiras,Produção de obra audiovisual,PNP,https://www.ancine.gov.br/sites/default/files/consultas-publicas/minuta%20reg%20contratos%20coprod.pdf,https://www.ancine.gov.br/sites/default/files/consultas-publicas/consolidacaoINcoproducao-internacional.pdf,,,,,,,Link anexo 1) minuta de IN. Link anexo 2) Consolidação das contribuições apresentadas.,Consulta Pública,Normas e regulamentos,"O relatório afirma que a Consulta se iniciou dia 14 de Setembro. Porém, o mesmo relatório coloca que só houve publicação no DOU dia 16. Existem dois relatórios: um que apenas transcreve as participações e outro que conta com as respostas da ANCINE. Contarei a data final do processo como a data de publicação do relatório que traz as respostas às sugestões. No relatório de consolidação das participações não há a transcrição de 3 contribuições enviadas por email, só as enviadas por meio do sistema. As mesmas só são transcritar nas respostas.",N/D,N/D,N/D,4,https://www.ancine.gov.br/sites/default/files/consultas-publicas/RELATORIO%20DE%20CONSULTA%20PUBLICA_IN%20Cop%20Internacional%20COT.pdf,24/06/2012,Encerrada
ANCINE,2011,14/11/2017,04/05/2012,21/12/2011,N/D,N/D,"Dispõe sobre os procedimentos para a apresentação e análise das prestações de contas dos recursos públicos aplicados em projetos de competência da ANCINE, por meio de ações de fomento direto, incluindo, subsidiariamente, os recursos provenientes do FSA – Fundo Setorial do Audiovisual, e por meio de fomento indireto por meio dos mecanismos criados pelas Leis nº 8.313/91, 8.685/93, 10.179/01 e 11.437/06 e pela Medida Provisória nº 2.228-1/01; Altera dispositivos das Instruções Normativas nos 22/2003, 61/2007, 80/2008 e 85/2009; revoga as Instruções Normativas nos 21/2003, 37/2004 e 40/2005 e dá outras providências.",,ANCINE_2011__7,Prestação de contas,Procedimento Administrativo,PNP,https://www.ancine.gov.br/sites/default/files/consultas-publicas/INPrestacaodeContas2803.pdf,https://www.ancine.gov.br/sites/default/files/consultas-publicas/%28Microsoft%20Word%20-%20EXPO_Motivos%20%20IN%20PC%20-%2030-08-2011%20.pdf,,,,,,,Link anexo 1) Minuta de In. Link anexo 2) exposição de motivos.,Consulta Pública,Normas e regulamentos,Conta apenas com Minuta de IN e exposição de motivos. Não há qualquer tipo de relatório que especifique as participações e muito menos resposta da ANCINE ao que foi sugerido (se é que houve qualquer tipo de sugestão).,N/D,N/D,N/D,N/D,N/D,N/D,Encerrada
ANCINE,2012,17/11/2017,25/05/2012,07/05/2012,N/D,N/D,"altera a IN nº 22/2003, que Regulamenta a elaboração, a apresentação e o acompanhamento de projetos de obras audiovisuais.",,ANCINE_2012__8,Tramitação de projetos,Procedimento Administrativo,PNP,https://www.ancine.gov.br/sites/default/files/consultas-publicas/IN22v040512limpa.pdf,https://ancine.gov.br/sites/default/files/anexos/IN22Exposicaodemotivos.pdf,https://ancine.gov.br/sites/default/files/anexos/IN22SFOconsolidadacomminuta_0.pdf,,,,,,Link anexo 1) Minuta de IN. Link anexo 2) Exposição de motivos. Link anexo 3) IN com as alterações propostas,Consulta Pública,Normas e regulamentos,"O documento no qual a ACINE responde as participações data do dia 26 de novembro de 2012, ainda que a data da IN que resultou desse processo de Consulta seja do dia 29 de maio de 2012, apenas 4 dias após o fechamento do período de participações. Provavelmente a ANCINE não analisou direito as participações. Só há um documento de relatório, no qual há as participações e as respectivas respostas da agência.",29/05/2012,N/D,Instrução Normativa 99,6,https://www.ancine.gov.br/sites/default/files/consultas-publicas/Relat%C3%B3rio%20de%20Consulta%20P%C3%BAblica%20In%2022.pdf,26/11/2012,Encerrada
ANCINE,2012,20/11/2017,13/06/2012,30/05/2012,N/D,N/D,"Estabelece procedimentos para a apresentação, análise e credenciamento de projetos com vistas à habilitação ao Regime Especial de Tributação para Desenvolvimento da Atividade de Exibição Cinematográfica – RECINE, instituído pela Lei nº 12.599, de 23 de março de 2012.",,ANCINE_2012__9,Cinema,Exibição,PNP,https://www.ancine.gov.br/sites/default/files/consultas-publicas/IN%20RECINE.pdf,https://www.ancine.gov.br/sites/default/files/consultas-publicas/IN%20RECINE-EM.pdf,,,,,,,Link anexo 1) minuta de IN. Link anexo 2) Exposição de motivos,Consulta Pública,Normas e regulamentos,Conta apenas com Minuta de IN e exposição de motivos. Não há qualquer tipo de relatório que especifique as participações e muito menos resposta da ANCINE ao que foi sugerido (se é que houve qualquer tipo de sugestão).,N/D,N/D,N/D,N/D,N/D,N/D,Encerrada
ANCINE,2012,20/11/2017,18/06/2012,04/06/2012,N/D,N/D,"Alteração da forma de registro de obras audiovisuais não publicitárias brasileiras e emissão do Certificado de Produto Brasileiro - CPB previsto no artigo 28, da Medida Provisória 2.228-1, de 06 de setembro de 2001.",,ANCINE_2012__10,Obras audiovisuais não publicitárias brasileiras,Produção de obra audiovisual,PNP,https://www.ancine.gov.br/sites/default/files/consultas-publicas/MinutadeINmodificadoradaIN25CP_0.pdf,https://www.ancine.gov.br/sites/default/files/instrucoes-normativas/minutamodificaIN25_anexoI.pdf,https://www.ancine.gov.br/sites/default/files/instrucoes-normativas/minutamodificaIN25_anexoII.pdf,https://www.ancine.gov.br/sites/default/files/instrucoes-normativas/minutamodifica25_anexoIII.pdf,https://www.ancine.gov.br/sites/default/files/instrucoes-normativas/minutamodificaIN25_anexoIV.pdf,https://www.ancine.gov.br/sites/default/files/instrucoes-normativas/MinutaINmodifca25_EM.pdf,,,Link anexo 1) Minuta de IN. Link anexo 2) Anexo I da minuta. Link anexo 3) Anexo II da minutal. Link anexo 4) Anexo III da minuta. Link anexo 5) Anexo IV da minuta. Link anexo 6) expsoição de motivos.,Consulta Pública,Normas e regulamentos,"O relatório disponível não faz distinção quanto ao número de participantes. Apenas lista os temas dos principais comentários e sugestões, respondendo-os e justificando se irão aceitar ou não, além de explicar melhor alguns pontos àqueles que explicitaram dúvidas. Provavelmente o relatório de consulta pública foi emitido após a publicação da IN resultado, tendo em vista que já a cita numerada.",xx/xx/2012,N/D,Instrução Normativa 104,N/D,https://www.ancine.gov.br/sites/default/files/RELAT%C3%93RIO%20DE%20CONSULTA%20P%C3%9ABLICA%20-%20IN%2025%20vers%C3%A3o2.pdf,08/10/2012,Encerrada
ANCINE,2012,20/11/2017,18/06/2012,04/06/2012,N/D,N/D,"Dispõe sobre o Registro de Título da Obra Audiovisual Não Publicitária, a emissão de Certificado de Registro de Título e dá outras providências. Atualização e evolução dos procedimentos de registro de obras audiovisuais não publicitárias brasileiras e estrangeiras, previsto nos artigos 28 e 29 da Medida Provisória 2.228-1 de 06 de setembro de 2001.",,ANCINE_2012__11,Obras audiovisuais não publicitárias brasileiras e estrangeiras,Produção de obra audiovisual,PNP,https://www.ancine.gov.br/sites/default/files/consultas-publicas/MinutadeINmodificadoradaIN26CP_0.pdf,https://www.ancine.gov.br/sites/default/files/instrucoes-normativas/MinutamodificadoraIN26_anexoI.pdf,https://www.ancine.gov.br/sites/default/files/instrucoes-normativas/minutamodificaIN26_anexoII.pdf,https://www.ancine.gov.br/sites/default/files/instrucoes-normativas/minutamodificaIN26_anexoIII.pdf,https://www.ancine.gov.br/sites/default/files/instrucoes-normativas/MinutaINmodifica26_EM.pdf,,,,Link anexo 1) minuta de IN. Link anexo 2) Anexo II da minuta. Link anexo 3) Anexo II da minuta. Link anexo 4) Anexo III da minuta. Link anexo 5) Exposição de motivos.,Consulta Pública,Normas e regulamentos,Conta apenas com Minuta de IN e exposição de motivos. Não há qualquer tipo de relatório que especifique as participações e muito menos resposta da ANCINE ao que foi sugerido (se é que houve qualquer tipo de sugestão). Possui as mesmas datas que a consulta referente a CTB disposta acima.,N/D,N/D,N/D,N/D,N/D,N/D,Encerrada
ANCINE,2012,20/11/2017,03/08/2012,18/06/2012,N/D,N/D,"Regulamenta o procedimento administrativo para aplicação de penalidades por infrações cometidas nas atividades cinematográfica, videofonográfica e de comunicação audiovisual de acesso condicionado, bem como em outras a elas vinculadas, e revoga a Instrução Normativa nº 30, de 20 de julho de 2004.",,ANCINE_2012__12,Infrações,Procedimento Administrativo,PNP,https://www.ancine.gov.br/sites/default/files/consultas-publicas/MinutaINdePenalidades_versaofinal.pdf,https://www.ancine.gov.br/sites/default/files/instrucoes-normativas/IN%20de%20Penalidades%20_ANEXO%20I_%20.pdf,https://www.ancine.gov.br/sites/default/files/instrucoes-normativas/IN%20de%20Penalidades%20_ANEXO%20II_%20.pdf,https://www.ancine.gov.br/sites/default/files/instrucoes-normativas/IN%20de%20Penalidades%20_ANEXO%20III_%20.pdf,https://www.ancine.gov.br/sites/default/files/instrucoes-normativas/IN%20de%20Penalidades%20_ANEXO%20IV%20.pdf,https://www.ancine.gov.br/sites/default/files/instrucoes-normativas/IN%20de%20Penalidades%20_ANEXO%20V_%20.pdf,https://www.ancine.gov.br/sites/default/files/instrucoes-normativas/IN%20de%20Penalidades%20_ANEXO%20VI_%20%20%282%29.pdf,https://www.ancine.gov.br/sites/default/files/instrucoes-normativas/Exposi%C3%A7%C3%A3o%20de%20Motivos%20para%20Consulta%20P%C3%BAblica%20final%20SFI%20%2815%2006%202012%29_2.pdf,Link anexo 1) Minuta de IN. Link anexo 2) Anexo I da minuta. Link anexo 3) Anexo II da minutal. Link anexo 4) Anexo III da minuta. Link anexo 5) Anexo IV da minuta. Link anexo 6) Anexo V da minuta. Link anexo 7) Anexo VI da minuta. Link anexo 8) Exposição de motivos.,Consulta Pública,Normas e regulamentos,Conta apenas com Minuta de IN e exposição de motivos. Não há qualquer tipo de relatório que especifique as participações e muito menos resposta da ANCINE ao que foi sugerido (se é que houve qualquer tipo de sugestão).,N/D,N/D,N/D,N/D,N/D,N/D,Encerrada
ANCINE,2012,20/11/2017,03/03/2012,19/01/2012,19/01/2012,N/D,Minuta de Instrução Normativa que regulamenta as obrigações de conteúdos audiovisuais no serviço de acesso condicionado e dá outras providências.,,ANCINE_2012__13,SAC (Serviço de Acesso Condicionado),Exibição,PNP,https://www.ancine.gov.br/sites/default/files/consultas-publicas/MinutaIN.pdf,https://www.ancine.gov.br/sites/default/files/consultas-publicas/EM_IN_Geral.pdf,https://www.ancine.gov.br/sites/default/files/consultas-publicas/consolidacaoINgeral-final.pdf,,,,,,Link anexo 1) minuta de IN. Link anexo 2) Exposição de motivos. Link anexo 3) consolidação das participações.,Consulta Pública,Normas e regulamentos,"Muitos participaram devido à campanha feita nas mídias e jornais sobre a regulamentação de veículos de televisão proporcionada pela lei 12485. Muitas das críticas eram direcionadas à lei por pessoas físicas. Contudo, muitas empresas de Telecomunicações participaram ativamente também, trazendo questões mais técnicas quanto ao texto da IN da ANCINE. Já as participações por parte das PF eram mais emocionais, menos técnicos e normalmente direcionados criticamente à lei, que entendiam como afronta à liberdade. Ao invés de responder uma por uma a ANCINE editou um papel com respostas às perguntas mais comuns feitas nos mais diversos mecanismos de participação não presencial disponibilizados pela agência. Contudo, esse relatório está incompleto, contando apenas com 3 perguntas sendo que a3a está sem resposta (provavelmente o upload do documento no site cortou o resto). O site apresenta os relatórios trocados: aquele que apresenta a resposta às contribuições em forma de perguntas está como ""consolidação"" enquanto aquele que apenastranscreve as participações está como ""relatório final"".",N/D,N/D,N/D,131,https://www.ancine.gov.br/sites/default/files/consultas-publicas/Consulta_Publica_em_Forma_de_Perguntas_sobre_regulamentacao_da_Lei_12.pdf,N/D,Encerrada
ANCINE,2012,20/11/2017,03/03/2012,20/01/2012,20/01/2012,N/D,"Revoga a IN 91 Mudanças no regulamento do registro de agente econômico na ANCINE previsto no art. 22 da MP 2.228/01, adaptando o texto à lei 12.485/11.",N/D,ANCINE_2012_N/D_14,Registro de agente econômico,Procedimento Administrativo,PNP,https://www.ancine.gov.br/sites/default/files/consultas-publicas/MINUTA-INSTRUCAO-NORMATIVA-que-altera-IN91.pdf,https://www.ancine.gov.br/sites/default/files/consultas-publicas/consolidacao-alteracao-IN-91.pdf,https://www.ancine.gov.br/sites/default/files/consultas-publicas/EM_IN_modificadora_da_IN91_2_.pdf,,,,,,Link anexo 1) minuta de instrução normativa. Link anexo 2) consolidação das contribuições. Link anexo 3) Exposição de motivos.,Consulta Pública,Normas e regulamentos,"Não apresenta respostas às contribuições. Como trata também do tema da consolidação acima, pode-se entender que o documento emitido pela agência em resposta às contribuições acima também responderiam a esse.",N/D,N/D,N/D,36,N/D,N/D,Encerrada
ANCINE,2012,12/11/2017,08/03/2013,22/08/2012,N/D,N/D,Trata-se de plano de diretrizes e metas para o audiovisual produzido pela própria ANCINE.,,ANCINE_2012__15,Plano de diretrizes e metas,Planejamento,PNP,https://www.ancine.gov.br/sites/default/files/consultas-publicas/PDM%20-FINAL.pdf,,,,,,,,Link anexo 1) Plano de diretrizes e metas,Consulta Pública,Políticas públicas,Só foi disponibilizado o próprio Plano de diretrizes e metas para o audivisual; não é possível ter certeza mas parece que o que é disponibilizado já é o produto final; como não tem relatório de consulta pública não se sabe se a mesma recebeu ou não contribuições.,N/D,N/D,N/D,N/D,N/D,N/D,Encerrada
ANCINE,2012,12/11/2017,28/01/2013,28/12/2012,N/D,N/D,Minuta de agenda regulatória 2013- 2014,,ANCINE_2012__16,Agenda regulatória,Planejamento,PNP,https://www.ancine.gov.br/sites/default/files/consultas-publicas/agenda_regulatoria_2013-2014.pdf,https://www.ancine.gov.br/sites/default/files/consultas-publicas/consulta_agenda_regulatoria_exposicao_motivos_0.pdf,,,,,,,Link anexo 1) agenda regulatória. Link anexo 2) Exposição de motivos.,Consulta Pública,Agenda regulatória,"Só há relatório de respostas. não há relatório de consolidação das respostas. é informado no relatório de respostas que não houve contribuições pelo sistema, contudo, foram enviadas 2 (duas) por email e QUE NÃO FORAM DISPONIBILIZADAS PELA AGENCIA E NEM RESPONDIDAS",N/D,N/D,N/D,2,https://www.ancine.gov.br/sites/default/files/relatorio%20consulta%20agenda%20regulat%C3%B3ria.pdf,N/D,Encerrada
ANCINE,2014,12/11/2017,19/08/2014,22/04/2014,N/D,N/D,"Agência Nacional do Cinema informa aos agentes do mercado audiovisual e a todos os interessados sua intenção de disciplinar situações observadas no processo de digitalização da projeção cinematográfica e na atividade de distribuição de obras audiovisuais para exibição em salas de cinema. Essa disposição ancora-se nos princípios gerais da Política Nacional do Cinema, nos objetivos da ANCINE e nos demais dispositivos estabelecidos pela Medida Provisória nº2.228-1. Tem por finalidades principais garantir a circulação equilibrada e diversificada de obras brasileiras e estrangeiras e promover a articulação entre as diversas atividades desse segmento do mercado audiovisual.",,ANCINE_2014__17,Cinematográfica,Exibição,PNP,https://www.ancine.gov.br/sites/default/files/consultas-publicas/Noticia_Regulatoria_Digitalizacao.pdf,,,,,,,,Link anexo 1) Notícia Regulatória,Consulta Pública,Normas e regulamentos,"Só há a notícia regulatória disponibilizada para consulta pública; não há relatório disponível , o que impede que se consiga mais infos. ( como se a mesma recebeu ou não contribuições )",N/D,N/D,N/D,N/D,N/D,N/D,Encerrada
ANCINE,2014,12/11/2017,21/05/2014,22/04/2014,22/04/2014,N/D,"A Consulta Pública tratou da proposta referente a normas gerais e critérios básicos de acessibilidade a serem observados por projetos audiovisuais financiados com recursos públicos federais geridos pela ANCINE, bem como alterar as Resoluções Normativas nº 22/03; 44/05; 80/08 e 110/12,",N/D,ANCINE_2014_N/D_18,Acessibilidade,Produção de obra audiovisual,PNP,https://www.ancine.gov.br/sites/default/files/consultas-publicas/Minuta%20IN%20Acessibilidade%20Audiovisual%20-%20consulta%20p%C3%BAblica.pdf,https://www.ancine.gov.br/sites/default/files/RELAT%C3%93RIO%20ancine%20consulta%20pub%20acessibilidade%20v%20f%20rev%20120115%20%282%29.pdf,,,,,,,Link anexo 1) Minuta de IN. Link anexo 2) Relatório de respostas às contribuições,Consulta Pública,Normas e regulamentos,"Há a preferência por parte da agência, nesse caso, em fazer uma síntese das contribuições apresentadas e respondê-las por grupos de contribuiçõe; tal método, entretanto, falha em não apresentar (i) quem participou (ii) quantos participaram, ainda que apresente respostas bem fundamentadas às contribuições e (iii) não transcrever as contribuições na íntegra.",N/D,N/D,N/D,N/D,https://www.ancine.gov.br/sites/default/files/RELAT%C3%93RIO%20ancine%20consulta%20pub%20acessibilidade%20v%20f%20rev%20120115%20%282%29.pdf,N/D,Encerrada
ANCINE,2014,24/01/2018,21/10/2014,22/09/2014,N/D,N/D,Dispõe sobre o procedimento de celebração e acompanhamento de Termo de Ajuste de Conduta – TAC,04/2016,ANCINE_2014_04/2016_19,Termo de Ajuste de Conduta,Procedimento Administrativo,PNP,https://www.ancine.gov.br/sites/default/files/consultas-publicas/IN%20TAC%20-%20Vers%C3%A3o%20para%20consulta%20p%C3%BAblica.pdf,,,,,,,,Link anexo 1) Minuta de IN.,Consulta Pública,Normas e regulamentos,"Apresenta Minuta de IN e relatório em que Devido ao número de contribuições semelhantes em conteúdo e/ou texto, as sugestões foram tratadas neste relatório através da síntese das ideias principais e reunidas por artigo, porém procurando manter a redação original das sugestões encaminhadas. Ainda que apresente respostas bem fundamentas, acusando corretamente quais serão acatadas e quais não, não discrimina quem apresentou qual contribuição e muito menos quem são os 7 participantes (apesar de informar que são 7 aqueles que contribuiram na consulta).",N/D,N/D,N/D,7,https://www.ancine.gov.br/sites/default/files/Relatorio%20de%20consulta%20TAC%20-%20Minuta%20-%20Final.pdf,15/05/2016,Encerrada
ANCINE,2014,24/01/2018,29/11/2014,30/10/2014,N/D,N/D,Dispõe sobre a instituição e o funcionamento de câmaras técnicas.,01/2016,ANCINE_2014_01/2016_20,Câmaras técnicas,Organização Interna,PNP,https://www.ancine.gov.br/sites/default/files/consultas-publicas/MINUTA_Camaras_Tecnicas_para_consulta_publica.pdf,,,,,,,,Link anexo 1) Minuta de RDC.,Consulta Pública,Normas e regulamentos,"Primeiro caso em que utiliza-se de mecanismo de participação para discurtir uma RDC (Resoluçao de Diretoria Colegiada). Como no caso acima, aponta quantos entes participaram, inclusive destacando a participação da SEAE/MF, e responde justificadamente e especificamente algumas contribuições recebidas,acatando ou refutando. Contudo, não indica quais entes participaram e muito menos quais entes fizeram determinadas sugestões.",N/D,N/D,N/D,5,https://www.ancine.gov.br/sites/default/files/C%C3%A2maras%20T%C3%A9cnicas%20-%20Minuta%20-%20Relat%C3%B3rio%20de%20Consulta%20P%C3%BAblica%20-%20Final.pdf,04/04/2016,Encerrada
ANCINE,2014,12/11/2017,18/12/2014,04/11/2014,N/D,N/D,Consulta Pública da minuta de Instrução Normativa que altera dispositivos da Instrução Normativa n. 100/2012 – que dispõe sobre a regulação da Comunicação Audiovisual no Serviço de Acesso Condicionado,5,ANCINE_2014_5_21,SAC (Serviço de Acesso Condicionado),Exibição,PNP,https://www.ancine.gov.br/sites/default/files/consultas-publicas/2014-Revisao_IN100_para_consulta_publica.pdf,https://www.ancine.gov.br/sites/default/files/consultas-publicas/2014-revisao-IN100-nota-explicativa.pdf,,,,,,,Link anexo 1) Minuta de IN. Link anexo 2) Exposição de motivos.,Consulta Pública,Normas e regulamentos,"O relatório também faz uma síntese das contribuições apresentadas, apresentando o número de contribuições tecidads para cada artigo da minuta ; faz também uma seleção das principais contribuições, as respondendo e destacando as contribuições mais relevantes e quem as fez (como faz com a SEAE do MF) ; apresenta o texto final a ser utilizado no produto final. falha em não apresentar (i) quem participou (ii) quantos participaram, ainda que apresente respostas bem fundamentadas às contribuições e (iii) não transcrever as contribuições na íntegra.",N/D,N/D,N/D,N/D,https://www.ancine.gov.br/sites/default/files/Relatorio%20de%20consulta%20publica%20IN121%20que%20altera%20IN%20100%20e%2091%20-%20Final.pdf,13/10/2016,Encerrada
ANCINE,2014,12/11/2017,31/01/2015,03/12/2014,N/D,N/D,Agenda regulatória ANCINE 2015/2016,,ANCINE_2014__22,Agenda regulatória,Planejamento,PNP,https://www.ancine.gov.br/sites/default/files/consultas-publicas/agenda_regulatoria_2015-2016_0.pdf,,,,,,,,Link anexo 1) agenda regulatória.,Consulta Pública,Agenda regulatória,"Trata-se de uma gama de assuntos em que a ANCINE pretende atuar como reguladora. Relevante colocar que diante de todas as contribuições a ANCINE não afirma se irá ou não acatar a sugestão, rspondendo de forma aberta, agradecendo a participação, afirmando que será levada em conta na discussão.",N/D,N/D,N/D,5,https://www.ancine.gov.br/sites/default/files/resposta%20consulta%20agenda%20regulat%C3%B3ria%202015-2016%20250215rev.pdf,N/D,Encerrada
ANCINE,2014,24/01/2018,08/02/2015,26/12/2014,N/D,N/D,"Estabelece critérios para a classificação de nível de empresa produtora brasileira independente, para fins de captação de recursos por meio de fomento indireto, e dá outras providências.",02/2016,ANCINE_2014_02/2016_23,Registro de agente econômico,Procedimento Administrativo,PNP,https://www.ancine.gov.br/sites/default/files/consultas-publicas/Minuta%20-%20Reforma%20IN%2054%20-%20Vers%C3%A3o%20para%20Consulta%20P%C3%BAblica%20-%20limpa%20%283%29.pdf,https://www.ancine.gov.br/sites/default/files/EXPOSICAO_DE_MOTIVOS_revis%C3%A3o%20IN%2054_vers%C3%A3o%20limpa%20%282%29.pdf,,,,,,,Link anexo 1) Minuta de IN. Link anexo 2) Exposição de motivos.,Consulta Pública,Normas e regulamentos,"Apresenta relatório de respostas às contribuições sem identificar quantos nem que entes participaram. Contudo, elabora respostas justificadas , discriminando se acata ou não determinada sugestão. Entretanto, não sabemos quem foram os autores responsáveis por determinadas participações.",19/05/2015,N/D,Instrução Normativa nº 119,N/D,https://www.ancine.gov.br/sites/default/files/Relatorio%20de%20consulta%20publica%20classifica%C3%A7ao%20de%20nivel%20v.final_.pdf,04/04/2016,Encerrada
ANCINE,2015,26/1/2018,06/04/2015,06/03/2015,,,"Minuta de Instrução Normativa que regulamenta os procedimentos de envio obrigatório do relatório de receita de bilheteria, através do Sistema de Controle de Bilheteria (SCB)",03/2016,ANCINE_2015_03/2016_24,Bilheteria,Exibição,PNP,https://www.ancine.gov.br/sites/default/files/consultas-publicas/SCB%20vers%C3%A3o%20final%20para%20consulta%20p%C3%BAblica.pdf,https://www.ancine.gov.br/sites/default/files/nota%20explicativa%20scb%20v5.pdf,https://www.ancine.gov.br/sites/default/files/consultas-publicas/Manual%20de%20Estrutura%20-%20Sistema%20de%20Controle%20de%20Bilheteria.pdf,,,,,,"Link anexo 1) Minuta de IN. Link anexo 2) Exposição de motivos. Link anexo 3) Anexo I da minuta, Manual de Definição de Estrutura e Transmissão.",Consulta Pública,Normas e regulamentos,"O relatório afirma quem participou da consulta, contudo não apresenta as pfs vinculadas e nem discrimina que ente apresentou o que. Da boas respostas, justificando e apontando se acata ou não determinada contribuição. Alega que o Manual anexo não recebeu nenhuma contribuição.",N/D,N/D,N/D,7,https://www.ancine.gov.br/sites/default/files/SCB%20-%20Minuta%20-%20Relat%C3%B3rio%20de%20Consulta%20P%C3%BAblica%20-%20Final.pdf,15/04/2016,Encerrada
ANCINE,2015,5/1/2018,14/04/2015,16/07/2015,N/D,N/D,"Consulta Pública da proposta de Instrução Normativa que regulamenta a utilização de recursos derivados dos benefícios fiscais previstos pelos art. 3º e 3º-A da Lei nº. 8.685, de 20 de julho de 1993, e pelo art. 39, inciso X da Medida Provisória nº. 2.228- 1, de 6 de setembro de 2001",,ANCINE_2015__25,Prestação de contas,Procedimento administrativo,PNP,https://www.ancine.gov.br/sites/default/files/consultas-publicas/Minuta%20-%20IN%20Investimentos%20-%20v%20%20para%20CP%20-%20120315.pdf,https://www.ancine.gov.br/sites/default/files/IN%20investimentos%20-%20NE%20consulta%20publica%20-%20SEC%20170315.pdf,,,,,,,Link anexo 1) Minuta de IN. Link anexo 2) Exposição de motivos.,Consulta Pública,Normas e regulamentos,"não há relatório disponível , o que impede que se consiga mais infos. ( como se a mesma recebeu ou não contribuições )",N/D,N/D,N/D,N/D,N/D,N/D,Encerrada
ANCINE,2015,5/1/2018,07/08/2015,10/04/2015,N/D,N/D,Notícia Regulatória e Relatório de Análise de Impacto sobre acessibilidade em salas de cinema,,ANCINE_2015__26,Acessibilidade,Exibição,PNP,https://www.ancine.gov.br/sites/default/files/consultas-publicas/Not%C3%ADcia%20Regulat%C3%B3ria%20-%20acessibilidade%20exibicao.pdf,,,,,,,,Link anexo 1) Notícia Regulatória,Consulta Pública,Normas e regulamentos,"Só há a notícia regulatória disponibilizada para consulta pública e alguns resultados da analise de impacto; não há relatório disponível , o que impede que se consiga mais infos. ( como se a mesma recebeu ou não contribuições )",N/D,N/D,N/D,N/D,N/D,N/D,Encerrada
ANCINE,2015,5/1/2018,15/05/2015,16/04/2015,N/D,N/D,Procedimentos e critérios administrativos para garantia da reciprocidade em relação às condições de produção e exploração de obras audiovisuais brasileiras em territórios estrangeiras,,ANCINE_2015__27,Obras audiovisuais brasileiras em territórios estrangeiros,Produção de obra audiovisual,PNP,https://www.ancine.gov.br/sites/default/files/consultas-publicas/IN%20-%20Reciprocidade%20Estrangeira%20-%20para%20Consulta%20P%C3%BAblica.pdf,,,,,,,,Link anexo 1) Minuta de IN.,Consulta Pública,Normas e regulamentos,"Há a preferência por parte da agência, nesse caso, em fazer uma síntese das contribuições apresentadas e respondê-las por grupos de contribuiçõe; tal método, entretanto, falha em não apresentar (i) quem participou (ii) quantos participaram, ainda que apresente respostas bem fundamentadas às contribuições (iii) a transcrição das contribuições.",N/D,N/D,Instrução Normativa 120,N/D,https://www.ancine.gov.br/sites/default/files/Relat%C3%B3rios%20da%20ANCINE%20de%20respostas%20%C3%A0s%20contribui%C3%A7%C3%B5es%20da%20Consulta%20P%C3%BAblica%20IN%20120.pdf,N/D,Encerrada
ANCINE,2015,5/1/2018,15/08/14,16/07/2015,N/D,B,"Altera dispositivos da Instrução Normativa nº 95, de 08 de dezembro de 2011.",,ANCINE_2015__28,Obras audiovisuais publicitárias,Produção de obra audiovisual,PNP,https://www.ancine.gov.br/sites/default/files/consultas-publicas/Minuta%20-%20Reforma%20IN%2095%20-%20filmadas%20no%20exterior%20_v%20consulta%20pub.pdf,,,,,,,,Link anexo 1) Minuta de IN.,Consulta Pública,Normas e regulamentos,"Conta apenas com Minuta de IN. Não há qualquer tipo de relatório que especifique as participações e muito menos resposta da ANCINE ao que foi sugerido (se é que houve qualquer tipo de sugestão). Duvida se o resultado final é a própria IN alterada ou não. Não sei o assunto da IN só pela parte que trata das consultas. Teria que abrir a IN que vai ser alterada, e mesmo assim não dá para saber tudo pois não especifica a área que será alterada.",N/D,N/D,N/D,N/D,N/D,N/D,Encerrada
ANCINE,2015,5/1/2018,07/08/2015,10/04/2015,N/D,N/D,Análise de Impacto Regulatório sobre acessibilidade,,ANCINE_2015__29,,Acessibilidade,PNP,https://www.ancine.gov.br/sites/default/files/consultas-publicas/AIR-Acessibilidade-Versao-Ostensiva.pdf,,,,,,,,Link anexo 1) AIR,Consulta Pública,Normas e regulamentos,"Conta apenas com o texto da AIR. Não há qualquer tipo de relatório que especifique as participações e muito menos resposta da ANCINE ao que foi sugerido (se é que houve qualquer tipo de sugestão). Seria interessante ver como se dá a participação de agentes econômicos regulados sobre uma AIR, texto técnico sobre a regulação e que foi feito de forma detalhada pela agência (o texto da air tem 90 páginas).",N/D,N/D,N/D,N/D,N/D,N/D,Encerrada
ANCINE,2015,5/1/2018,20/10/2015,21/09/2015,N/D,N/D,"procedimentos para a apresentação e análise das prestações de contas de recursos públicos aplicados em projetos audiovisuais de competência da ANCINE executados por meio de ações de fomento direto e indireto, revoga a Instrução Normativa nº. 110/12 e dá outras providências.",6,ANCINE_2015_6_30,Prestação de contas,Procedimento Administrativo,PNP,https://www.ancine.gov.br/sites/default/files/consultas-publicas/minuta%20-%20presta%C3%A7%C3%A3o%20de%20contas.pdf,https://www.ancine.gov.br/sites/default/files/Nota%20Explicativa%20-%20IN%20de%20PC%20-%20vf_CP_2_0.pdf,,,,,,,Link anexo 1) Minuta de IN. Link anexo 2) Exposição de motivos.,Consulta Pública,Normas e regulamentos,"A data final é a publicação do relatório ou do documento resultante da consulta? e se não houver resultado? ""Devido ao número de sugestões semelhantes em conteúdo e/ou texto, as sugestões foram tratadas neste relatório através da “síntese” das ideias principais por tema, porém procurando manter a redação original das sugestões encaminhadas. Os temas da minuta de Instrução Normativa foram tratados neste relatório por ordem de relevância e complexidade.""",N/D,N/D,N/D,N/D,https://www.ancine.gov.br/sites/default/files/consultas-publicas/Relatorio%20de%20consulta%20publica%20presta%C3%A7%C3%A3o%20de%20contas_final.pdf,29/07/2016,Encerrada
ANCINE,2015,5/1/2018,20/10/2015,21/09/2015,N/D,N/D,"proposta de Instrução Normativa que regulamenta a elaboração, apresentação, análise, aprovação e acompanhamento de projetos audiovisuais ; reforma e revoga IN 22.",,ANCINE_2015__31,Tramitação de projetos,Procedimento Administrativo,PNP,https://www.ancine.gov.br/sites/default/files/consultas-publicas/minuta%20-%20apresenta%C3%A7%C3%A3o%20de%20projetos.pdf,https://www.ancine.gov.br/sites/default/files/Nota%20Explicativa%20-%20IN22%20vf_CP_2.pdf,https://www.ancine.gov.br/sites/default/files/ORCAMENTO_GRANDES_ITENS_IN_22_v2209_0.pdf,,,,,,Link anexo 1) Minuta de IN. Link anexo 2) nota explicativa. Link anexo 3) Anexo da IN tratando de orçamento.,Consulta Pública,Normas e regulamentos,"Conta apenas com Minuta de IN, exposição de motivos e um anexo sobre orçamento. Não há qualquer tipo de relatório que especifique as participações e muito menos resposta da ANCINE ao que foi sugerido (se é que houve qualquer tipo de sugestão). Possui as mesmas datas que a consulta referente a CTB disposta acima.",N/D,N/D,N/D,N/D,N/D,N/D,Encerrada
ANCINE,2016,5/1/2018,01/08/2016,30/06/2016,N/D,N/D,Instrução Normativa que dispõe sobre as normas gerais e critérios básicos de acessibilidade visual e auditiva a serem observados nos segmentos de distribuição e exibição cinematográfica,1/2016,ANCINE_2016_1/2016_32,Acessibilidade,Exibição,PNP,https://www.ancine.gov.br/sites/default/files/consultas-publicas/Minuta%20-%20IN%20Acessibilidade%20exibic%CC%A7a%CC%83o_final_limpa.pdf,https://www.ancine.gov.br/sites/default/files/Nota%20Explicativa%20-%20IN%20de%20acessibilidade_0.pdf,,,,,,,Link anexo 1) Minuta de IN. Link anexo 2) Exposição de motivos.,Consulta Pública,Normas e regulamentos,"A data do produto final é anterior à consulta pública. Escolhi colocar que tiveram 14 contribuintes pois o relatório disse que 8 agentes publicos e privados participaram através do sistema de consulta pública e do email da ouvidoria + 6 pessoas que enviaram por correio eletrônico (supostamente estão no sistema, que eu ainda não consegui acessar). interessante ver que os meios para participação podem ser - 1) sistema de consulta pública 2) email da ouvidoria // Nas participações podemos ver que algumas contribuições eram assinadas por mais de uma entidade / pessoa fisica / pessoa jurídica (no corpo da contribuição) ainda que oficialmente tenha sido inscrita no sistema por uma só. estou priorizando essa pessoa só, mas anotando o nome dos outros caso possa ser relevante (Discutir com equipe).",19/06/2015,N/D,Instrução Normativa 119,14,https://www.ancine.gov.br/sites/default/files/relatorio%20de%20consulta%20p%C3%BAblica%20-%20IN%20de%20acessibilidade%20auditiva%20e%20visual.pdf,02/08/2016,Encerrada
ANCINE,2016,5/1/2018,26/09/2016,26/08/2016,26/08/2016,N/D,"Altera dispositivos da Instrução Normativa nº 95, de 08 de dezembro de 2011 e da Instrução Normativa nº 105, de 10 de julho de 2012.",1/2016,ANCINE_2016_1/2016_33,Obras audiovisuais publicitárias e não publicitárias,Produção de obra audiovisual,PNP,https://www.ancine.gov.br/sites/default/files/consultas-publicas/Minuta%20-%20Reforma%20INs%2095%20e%20105-%20Consulta%20P%C3%BAblica%202%20%28004%29.pdf,https://www.ancine.gov.br/sites/default/files/Nota%20explicativa%20final%202.pdf,,,,,,,Link anexo 1) Minuta de IN. Link anexo 2) Exposição de motivos.,Consulta Pública,Normas e regulamentos,"O relatório transcreve todas as participações feitas. Entretanto, não apresenta se acatou ou não as sugestões e qual foi o resultado do processo de consulta. OUTRO PONTO RELEVANTE ->MUITAS DAS PARTICIPAÇÕES FORAM RECEBIDAS FISICAMENTE, POR DOCUMENTOS ASSINADOS, E MUITAS VEZES DA MESMA ENTIDADE QUE JA HAVIA CONTRIBUIDO POR EMAIL / SISTEMA DA ANCINE. O TEOR É IGUAL. COMO REGISTRO NA AREA DE CONTRIBUIÇÕES? Quem apresentou fisicamente -> camaranet ; SEAE/MF ; ABPT - BRASIL (ou TAP) ; ABRANET e ABDTIC",N/D,N/D,N/D,16,https://www.ancine.gov.br/sites/default/files/relatorio%20de%20consolida%C3%A7%C3%A3o%20de%20consulta%20publica%20com%20anexo%20v112016.pdf,29/09/2016,Encerrada
ANCINE,2016,5/1/2018,04/11/2016,05/10/2016,05/10/2016,N/D,normatiza a utilização da logomarca e dos créditos textuais da ANCINE nos produtos realizados com recursos públicos federais da área audiovisual.,,ANCINE_2016__34,,Logomarca ANCINE,PNP,https://www.ancine.gov.br/sites/default/files/consultas-publicas/Minuta%20IN%20logo%20-%20Para%20Consulta%20P%C3%BAblica%20v2_limpa.pdf,https://www.ancine.gov.br/sites/default/files/Minuta%20ANEXO%20IN%20Logo%20-%20Para%20Consulta%20P%C3%BAblica_limpa.pdf,,,,,,,Link anexo 1) Minuta de IN. LInk anexo 2) anexo da minuta.,Consulta Pública,Normas e regulamentos,"O relatório transcreve todas as participações feitas. Entretanto, não apresenta se acatou ou não as sugestões e qual foi o resultado do processo de consulta.",N/D,N/D,N/D,5,https://www.ancine.gov.br/sites/default/files/relatorio%20de%20consolida%C3%A7%C3%A3o%20de%20consulta%20p%C3%BAblica%20-%20in%20logomarca.pdf,07/11/2016,Encerrada
ANCINE,2016,09/01/2018,30/01/2017,01/12/2016,30/11/2016,N/D,Proposta de agenda regulatória da ANCINE para o biênio 2017/2018.,1-E,ANCINE_2016_1-E_35,Agenda Regulatória,Planejamento,PNP,https://www.ancine.gov.br/sites/default/files/consultas-publicas/consulta%20p%C3%BAblica%20agenda%20regulat%C3%B3ria%202017-2018.pdf,https://www.ancine.gov.br/sites/default/files/Nota%20Explicativa%202017-2018.pdf,https://www.ancine.gov.br/sites/default/files/Relat%C3%B3rio%20de%20Consolida%C3%A7%C3%A3o%20de%20consulta%20p%C3%BAblica%20-%20agenda%20regulatoria%20site.pdf,,,,,,Link anexo 1) agenda regulatória. Link anexo 2) Exposição de motivos. Link anexo 3) COnsolidação das contribuições,Consulta Pública,Agenda regulatória,"Nesta contribuição temos, além da agenda regulatória e da sua nota explicativa, dois relatórios: um consolidando todas as contribuições recebidas e outro as respondendo. Contudo, essas respostas, ainda que bem fundamentadas, são sempre iniciadas com: respondendo à ""duas manifestações de duas entidades representantes de cineastas"" (...) ""entidades privadas apresentar contribuições sobre"" -> COMO PROCEDER?",N/D,N/D,N/D,9,https://www.ancine.gov.br/sites/default/files/Relat%C3%B3rio%20de%20Consulta%20P%C3%BAblica%20-%20VF.pdf,05/02/2017,Encerrada
ANCINE,2016,09/01/2018,06/03/2017,06/12/2016,06/12/2016,N/D,Análise de Impacto Regulatório sobre Jogos Eletrônicos,02/2017,ANCINE_2016_02/2017_36,Jogos Eletrônicos,Produção de obra audiovisual,PNP,https://www.ancine.gov.br/sites/default/files/consultas-publicas/AIR-JogosEletronicos_0.pdf,https://www.ancine.gov.br/sites/default/files/Nota%20Explicativa%20-%20Consulta%20P%C3%BAblica%20AIR%20Jogos%20Eletr%C3%B4nicos_3_limpa.pdf,https://www.ancine.gov.br/sites/default/files/RELAT%C3%93RIO%20DE%20CONSULTA%20P%C3%9ABLICA%20-%20JOGOS.pdf,,,,,,Link anexo 1) AIR . Link anexo 2) Exposição de motivos. 3) Relatório de consolidação das contribuições,Consulta Pública,Normas e regulamentos,"Trata de análise de impacto regulatório colocado para contribuições. Ele data de aproximadamente um mês antes. Recebeu muitas contribuições de pessoas naturais, contrárias à regulação dos videogames. Assim como nos últimos casos, há dois relatórios , um consolidadndo as contribuições recebidas e outro as respondendo de forma gerall, conutdo, acho que o relatório esstá incompleto.",N/D,N/D,N/D,13,https://www.ancine.gov.br/sites/default/files/RELAT%C3%93RIO%20DE%20CONSULTA%20P%C3%9ABLICA%20-%20JOGOS.pdf,N/D,Encerrada
ANCINE,2016,09/01/2018,29/03/2017,23/12/2016,N/D,N/D,Notícia Regulatória sobre comunicação Audiovisual sob demanda,03/2017,ANCINE_2016_03/2017_37,VOD (Video On Demand / Audiovisual sob demanda),Exibição,PNP,https://www.ancine.gov.br/sites/default/files/consultas-publicas/not%C3%ADcia%20regulat%C3%B3ria%20CAvD%20para%20Consulta%20P%C3%BAblica.pdf,https://www.ancine.gov.br/sites/default/files/Vod%20Documento%20P%C3%BAblico%20Final%20v3_2.pdf,,,,,,,Link anexo 1) Notícia Regulatória. Link anexo 2) Consolidação das contribuições recebidas,Consulta Pública,Normas e regulamentos,"Acho que em casos como esse, de notícia regulatória e agência regulatória, nao tem um produto final de fato. é só colocar para os agentes economicos regulados e interessados o que foi decidido e abrir para sugestões, contribuições etc. Houve um relatório de respostas à consulta em que a a ANCINE aborda os principais pontos abordados.",N/D,N/D,N/D,27,https://www.ancine.gov.br/sites/default/files/Vod%20Documento%20P%C3%BAblico%20Final%20v3_2.pdf,N/D,Encerrada
ANCINE,2017,09/01/2018,07/04/2017,07/02/2017,N/D,N/D,Análise de Impacto Regulatório sobre Mediação,,ANCINE_2017__38,Mediação,Procedimento Administrativo,PNP,https://www.ancine.gov.br/sites/default/files/consultas-publicas/AIR_Media%C3%A7%C3%A3o%20-%20Consulta%20P%C3%BAblica%20%28002%29.pdf,,,,,,,,Link Anexo 1) AIR,Consulta Pública,Normas e regulamentos,"Conta apenas com o texto da AIR. Não há qualquer tipo de relatório que especifique as participações e muito menos resposta da ANCINE ao que foi sugerido (se é que houve qualquer tipo de sugestão). Seria interessante ver como se dá a participação de agentes econômicos regulados sobre uma AIR, texto técnico sobre a regulação e que foi feito de forma detalhada pela agência (o texto da air tem 30 páginas). . é possível que ainda não tenha sido compilada e possa entrar no site (do ano passado, relativamente recente)",N/D,N/D,N/D,N/D,N/D,N/D,Encerrada
ANCINE,2017,09/01/2018,06/06/2017,17/04/2017,N/D,N/D,"Regulamentação relativa aos canais de programação de distribuição obrigatória pelas prestadoras do Serviço de Acesso Condicionado – SeAC, conforme previsto no art. 32 da Lei nº. 12.485, de 12 de setembro de 2011.",,ANCINE_2017__39,SAC (serviço de acesso condicionado),Exibição,PNP,https://www.ancine.gov.br/sites/default/files/consultas-publicas/NOT%C3%8DCIA%20REGULAT%C3%93RIA%20-%20canais%20de%20distribui%C3%A7%C3%A3o%20obrigat%C3%B3ria.pdf,,,,,,,,Link anexo 1) notícia regulatória,Consulta Pública,Normas e regulamentos,"Conta apenas com o texto da notícia regulatória . Não há qualquer tipo de relatório que especifique as participações e muito menos resposta da ANCINE ao que foi sugerido (se é que houve qualquer tipo de sugestão). é possível que ainda não tenha sido complicada e possa entrar no site (do ano passado, relativamente recente)",N/D,N/D,N/D,N/D,N/D,N/D,Encerrada
ANCINE,2017,09/01/2018,02/11/2017,04/09/2017,N/D,N/D,"Regulamentar a apresentação de projetos de exibição cinematográfica para a utilização dos incentivos criados pelas Leis nº 8.685/93 e pelo art. 41 da Medida Provisória nº 2.228- 1/01, com as modificações da Lei nº 10.454/02, e a análise, aprovação, acompanhamento da execução de tais projetos pela ANCINE",,ANCINE_2017__40,Cinematográfica,Exibição,PNP,https://www.ancine.gov.br/sites/default/files/consultas-publicas/Minuta%20-%20IN%20Fomento%20%C3%A0%20Exibi%C3%A7%C3%A3o%20-%20CP%20-%20310817%20-%20limpa.pdf,,,,,,,,Link anexo 1) Minuta de IN.,Consulta Pública,Normas e regulamentos,"Conta apenas com a minuta. Não há qualquer tipo de relatório que especifique as participações e muito menos resposta da ANCINE ao que foi sugerido (se é que houve qualquer tipo de sugestão). é possível que ainda não tenha sido complicada e possa entrar no site (do ano passado, relativamente recente).",N/D,N/D,N/D,N/D,N/D,N/D,Encerrada
ANCINE,2017,09/01/2018,22/01/2018,23/10/2017,N/D,N/D,"REVISÃO DA REGULAMENTAÇÃO RELATIVA À GESTÃO DE DIREITOS DE EXPLORAÇÃO ECONÔMICA DE PROJETOS AUDIOVISUAIS FOMENTADOS COM RECURSOS PÚBLICOS FEDERAIS E AOS CRITÉRIOS PARA FINS DE CLASSIFICAÇÃO DE OBRAS APTAS A ATENDER ÀS OBRIGAÇÕES DE VEICULAÇÃO DE CONTEÚDO BRASILEIRO ESTABELECIDOS NA LEI N°. 12.485, DE 12 DE SETEMBRO DE 2011",,ANCINE_2017__41,Exploração econômica,Projetos audiovisuais,PNP,https://www.ancine.gov.br/sites/default/files/consultas-publicas/Minuta%20-%20IN%20Fomento%20%C3%A0%20Exibi%C3%A7%C3%A3o%20-%20CP%20-%20310817%20-%20limpa.pdf,,,,,,,,Link anexo 1) Notícia regulatória,Consulta Pública,Normas e regulamentos,Conta apenas com o texto da notícia regulatória . Ainda está aberta.,N/D,N/D,N/D,N/D,N/D,N/D,Em andamento
